MFR,Model,Reg,Price,TTAF,Paint_Year,Interior_Year
Model Serial,Serial,unregister,Inquire,6513,,
,,unregister,,3300,,
Offer TTAF,Serial,unregister,Inquire,8587,,
Model Serial,Serial,unregister,Inquire,9971,,
Model TSN CSN L RR Tay MK611,TSN,unregister,Inquire,4400,,
Model Serial,Serial,unregister,,5604,,
Offer TTAF,,unregister,Inquire,8508,,
r,,unregister,,8621,,
Model TSN CSN L Rolls Royce TAY611,TSN,unregister,Inquire,6318,,
Model Serial,Serial,unregister,,14703,,
Model Serial,Serial,unregister,Inquire,9813,,
Model Serial,Serial,unregister,Inquire,9601,,
Model Serial,Serial,unregister,,9012,,
r,,unregister,,5506,,
Model Serial,Serial,unregister,Inquire,13752,,
Model TSN CSN L Rolls,TSN,unregister,Inquire,7889,,
rs One Nordskog 50231 High Temp Oven One Whirlpool Microwave Floorplan Layout Cabin Call Panel China Storage Stemware Storage 2 Ice Compartments Radio Master System Galley Interphone,,unregister,,14273,,
Model Serial,Serial,unregister,Inquire,4556,,
Model Serial,Serial,unregister,Inquire,4856,,
Model Serial,Serial,unregister,,13793,,
Model Serial,Serial,unregister,Inquire,6344,,
Model Serial,Serial,unregister,,6354,,
Model Serial,Serial,unregister,,11905,,
Model Serial,Serial,unregister,,8737,,
Model TSN CSN TSOH L Rolls,TSN,unregister,,9401,,
Model Serial,Serial,unregister,Inquire,3770,,
Model Serial,Serial,unregister,Inquire,4290,,
Model Serial,Serial,unregister,Inquire,12767,,
,Serial,unregister,Inquire,8411,,
,,unregister,,11041,,
,Serial,unregister,,9110,,
Model TSN CSN TSOH L Rolls Royce TAY611,TSN,unregister,Inquire,8588,,
Model TSOH L Rolls Royce TAY,TSOH,unregister,Inquire,7431,,
Offer TTAF,Serial,unregister,Inquire,6212,,
rs,,unregister,Inquire,9150,,
Model Serial,Serial,unregister,Inquire,4772,,
,,unregister,,4547,,
Model Serial,Serial,unregister,,6693,,
Model Serial,Serial,unregister,Inquire,5313,,
,Serial,unregister,,9110,,
Model Serial,Serial,unregister,Inquire,8076,,
Model Serial,Serial,unregister,,7149,,
Offer TTAF,Serial,unregister,Inquire,28,,
Offer TTAF,,unregister,Inquire,9622,,
Model Serial,Serial,unregister,Inquire,4650,,
Offer TTAF,TSN,unregister,Inquire,12814,,
,,unregister,Inquire,5699,,
Model TSN CSN L Rolls Royce TAY MK 611,TSN,N770XB,,1917,,
rs,,unregister,,8146,,
Model Serial,Serial,unregister,,9104,,
r and Nespresso Machine,Serial,unregister,Inquire,7248,,
Model Serial,Serial,unregister,,2601,,
Model Serial,Serial,unregister,,7423,,
Model Serial,Serial,unregister,,2142,,
Model Serial,Serial,unregister,Inquire,1430,,
Offer TTAF,Serial,unregister,Inquire,3252,,
Model Serial,Serial,unregister,Inquire,12724,,
Model Serial,Serial,unregister,,8333,,
rs,,unregister,Inquire,5274,,
Model Serial,Serial,unregister,Inquire,9628,,
Model Serial,Serial,unregister,Inquire,1120,,
r Exterior Paint by Gulfstream in Matterhorn White with Red and Black Stripes Contact Information Please tell the seller that you saw this ad on ASO Contact,Serial,unregister,Inquire,12126,,
Model Serial,Serial,unregister,Inquire,8377,,
Model Serial,Serial,unregister,Inquire,13051,,
Offer TTAF,Serial,unregister,Inquire,6492,,
Offer TTAF,TSN,unregister,Inquire,5229,,
Offer TTAF,TSN,unregister,Inquire,9142,,
Model Serial,Serial,unregister,Inquire,5613,,
Model Serial,Serial,unregister,Inquire,632,,
Offer TTAF,TSN,unregister,Inquire,7440,,
Model Serial,Serial,unregister,Inquire,4907,,
Model Serial,Serial,unregister,,5941,,
Model Serial,Serial,unregister,,12038,,
Model Serial,Serial,unregister,Inquire,7093,,
,,unregister,Inquire,2693,,
Offer TTAF,Serial,unregister,Inquire,12961,,
Model Serial,Serial,unregister,,4439,,
Offer TTAF,Serial,unregister,Inquire,5024,,
Offer TTAF,Serial,unregister,Inquire,4801,,
Offer TTAF,Serial,unregister,Inquire,5158,,
Model Serial,Serial,unregister,Inquire,3863,,
Offer TTAF,Serial,unregister,Inquire,7082,,
Model Serial,Serial,unregister,,3291,,
Model Serial,Serial,unregister,Inquire,6213,,
Offer TTAF,Serial,unregister,Inquire,6457,,
Offer TTAF,TSN,unregister,Inquire,6545,,2000
Offer TTAF,TSN,unregister,Inquire,7476,,
Model Rolls Royce TAY 611,Rolls,unregister,Inquire,8366,,
Offer TTAF,TSN,unregister,Inquire,715,,
Model Serial,Serial,unregister,Inquire,11570,,
Model TSN L Rolls,TSN,unregister,,9401,,
Model Serial,Serial,unregister,,1923,,
Offer TTAF,Serial,unregister,Inquire,10789,,
Model TSN CSN L Rolls,TSN,unregister,Inquire,9180,,
Model Serial,Serial,unregister,Inquire,8493,,
Offer TTAF,Serial,unregister,Inquire,2919,,
Model Serial,Serial,unregister,Inquire,9165,,
rs Forward and Aft Toilets Forward Refreshment Centre and Closet Entertainment Centre with Airshow 400,,unregister,Inquire,4280,,
Model Serial,Serial,unregister,,9990,,
Offer TTAF,TSN,unregister,Inquire,6590,,
Offer TTAF,Serial,unregister,Inquire,7726,,
Model Serial,Serial,unregister,,3983,,
Offer TTAF,Serial,unregister,Inquire,9420,,
Model TSN CSN L TAY MK 611,TSN,unregister,Inquire,7900,,
Model Serial,Serial,unregister,,8790,,
Model Serial,Serial,unregister,,8790,,
Model Serial,Serial,unregister,Inquire,5313,,
Offer TTAF,Serial,unregister,,8224,,
Model TSN CSN L Rolls,TSN,unregister,Inquire,9277,,
Model Serial,Serial,unregister,,8384,,
,,unregister,Inquire,14250,,
r,,unregister,,9059,,
Model Serial,Serial,unregister,,9653,,
Model Serial,Serial,unregister,,7609,,
Offer TTAF,Serial,unregister,Inquire,2118,,
Offer TTAF,Serial,unregister,Inquire,1750,,
Offer TTAF,Serial,unregister,Inquire,6255,,
Model TSN CSN TSOH L Rolls Royce Tay MK 611,TSN,unregister,Inquire,9757,,
Offer TTAF,Gulfstream,unregister,Inquire,7255,,
Model TSN L Rolls Royce RR TAY MK611,TSN,unregister,Inquire,16016,,
Offer TTAF,Serial,unregister,Inquire,8564,,
Offer TTAF,Serial,unregister,Inquire,8219,,
,,unregister,,8904,,
Model TSN CSN TSOH L TAY MK611,TSN,unregister,Inquire,8980,,
Model Serial,Serial,unregister,,10641,,
Model Serial,Serial,unregister,Inquire,9546,,
Model Serial,Serial,unregister,,5559,,
Offer TTAF,Serial,unregister,Inquire,9260,,
Model Serial,Serial,unregister,Inquire,4002,,
Model Serial,Serial,unregister,,3966,,
Model Serial,Serial,unregister,Inquire,4189,,
Model Serial,Serial,unregister,Inquire,9059,,
Offer TTAF,,unregister,Inquire,14485,,
Model Serial,Serial,unregister,Inquire,5334,,
Offer TTAF,Serial,unregister,Inquire,6185,,
Model Serial,Serial,unregister,Inquire,9700,,
Model Serial,Serial,unregister,Inquire,2796,,
Model TSN CSN TSOH L Rolls Royce TAY 611,TSN,unregister,Inquire,10873,,
Model Serial,Serial,unregister,,10210,,
Offer TTAF,TSN,unregister,Inquire,9131,,
Model Serial,Serial,unregister,Inquire,6661,,
Model Rolls Royce Tay MK 611,Rolls,unregister,Inquire,6798,,
Model TSN CSN L Rolls Royce Tay MK 611,TSN,unregister,Inquire,9840,,
Model TSN CSN CSOH TSOH L Rolls Royce Tay MK 611,TSN,unregister,Inquire,9788,,
Model Serial,Serial,unregister,,7036,,
Model Serial,Serial,unregister,,9504,,
Model Serial,Serial,unregister,Inquire,11817,,
Model Serial,Serial,unregister,Inquire,5016,,
Model Serial,Serial,unregister,Inquire,6132,,
Model TSN L Rolls Royce TAY MK 611,TSN,unregister,Inquire,,,
Offer TTAF,TSN,unregister,Inquire,5349,,
Model Serial,Serial,unregister,Inquire,10397,,
r,TSOH,unregister,,8702,,
Model Serial,Serial,unregister,,9263,,
,,,,8191,,
Model Serial,Serial,unregister,,5175,,
,,,,8620,,
Model Serial,Serial,unregister,,5978,,
Model Serial,Serial,unregister,,2793,,
Model TSN TSOH L Rolls Royce Tay 611,TSN,unregister,,8181,,
,,,,8256,,
Model Serial,Serial,unregister,,13000,,
,,,,9891,,
,,,,7045,,
Model Rolls Royce Tay MK 611,Rolls,unregister,Inquire,,,
,,,,10492,,
,,unregister,,,,
Model Serial,Serial,unregister,Inquire,3893,,
Model Serial,Serial,unregister,Inquire,7548,,
Model Serial,Serial,unregister,,1576,,
Offer TTAF,TSN,unregister,Inquire,2604,,
Offer TTAF,Serial,unregister,Inquire,4283,,
,,unregister,,13300,,
Model TSN CSN L Rolls Royce Spey MK 511,TSN,unregister,,8907,,
Offer TTAF,Serial,unregister,Inquire,8703,,
Model Serial,Serial,unregister,,12050,,
Offer TTAF,Serial,unregister,Inquire,2072,,
Model Serial,Serial,unregister,Inquire,9546,,
Model Serial,Serial,unregister,,2072,,
Model Serial,Serial,unregister,,6832,,
Model Serial,Serial,unregister,Inquire,3922,,
Model Serial,Serial,unregister,Inquire,3726,,
Offer TTAF,Serial,unregister,Inquire,10725,,
Model Serial,Serial,unregister,,14202,,
Model Serial,Serial,unregister,,12862,,
Offer TTAF,Serial,unregister,Inquire,13380,,
Offer TTAF,Serial,unregister,Inquire,13535,,
Offer TTAF,Serial,unregister,Inquire,5978,,
Offer TTAF,TSN,unregister,Inquire,2903,,
Model Serial,Serial,unregister,,1551,,
Model Serial,Serial,unregister,Inquire,9570,,
Model Serial,Serial,unregister,Inquire,9535,,
Model Serial,Serial,unregister,Inquire,8129,,
Offer TTAF,Serial,unregister,Inquire,15657,,
Model Serial,Serial,unregister,,5848,,
Model Serial,Serial,unregister,Inquire,5174,,
Model Serial,Serial,unregister,Inquire,8606,,
Model Serial,Serial,unregister,Inquire,11292,,
Model Serial,Serial,unregister,Inquire,13281,,
Model Serial,Serial,unregister,Inquire,9639,,
Model Serial,Serial,unregister,Inquire,13960,,
Offer TTAF,Serial,unregister,Inquire,14202,,
s every minute ot your journey enjoyable,Serial,unregister,Inquire,9546,,
Model TSN L Rolls Royce TAY MK611,TSN,unregister,Inquire,9456,,
Offer TTAF,TSN,unregister,Inquire,8053,,
Model Serial,Serial,unregister,,15651,,
Model TSN L Rolls Royce TAY MK 611,TSN,unregister,Inquire,17202,,
Offer TTAF,TSN,unregister,Inquire,10737,,
Model Serial,Serial,unregister,,10728,,
Model Rolls Royce TY611,Rolls,unregister,,8420,,
Offer TTAF,Serial,unregister,Inquire,8274,,
Model Serial,Serial,unregister,Inquire,8240,,
Offer TTAF,Serial,unregister,Inquire,1551,,
Model Serial,Serial,unregister,Inquire,6623,,
Model Serial,Serial,unregister,Inquire,5094,,
Model Serial,Serial,unregister,Inquire,10750,,
Model Serial,Serial,unregister,Inquire,8065,,
r and cappuccino maker,,unregister,Inquire,9733,,
Model TSN L Rolls Royce TAY MK 611,TSN,unregister,Inquire,11766,,
Model TSN TSML L RR TAY MK611,TSN,unregister,,11847,,
,,unregister,,7565,,
,,unregister,Inquire,13937,,
Model Serial,Serial,unregister,Inquire,10779,,
Offer TTAF,Serial,unregister,Inquire,5868,,
Model TSN CSN L Rolls Royce TAY611,TSN,unregister,Inquire,4557,,
Offer TTAF,Serial,unregister,Inquire,8090,,
Offer TTAF,TSN,unregister,Inquire,7876,,
Offer TTAF,Serial,unregister,Inquire,9599,,
Model TSN CSN L Rolls Royce Tay MK611,TSN,unregister,Inquire,9866,,
Model Serial,Serial,unregister,Inquire,3743,,
Offer TTAF,Serial,unregister,Inquire,6769,,
,Serial,unregister,Inquire,7635,,
Model Serial,Serial,unregister,,9151,,
Model Serial,Serial,unregister,Inquire,6270,,
Offer TTAF,TSN,unregister,Inquire,6147,,
Model Serial,Serial,unregister,Inquire,7418,,
Offer TTAF,TSN,unregister,Inquire,9925,,
Model Serial,Serial,unregister,,15657,,
Model Serial,Serial,unregister,Inquire,8223,,
Model Serial,Serial,unregister,Inquire,14670,,
Model Serial,Serial,unregister,Inquire,856,,
Offer TTAF,Serial,unregister,,7037,,
Offer TTAF,Serial,unregister,Inquire,6425,,
Model Serial,Serial,unregister,Inquire,10028,,
,,unregister,Inquire,10192,,
Model Serial,Serial,unregister,Inquire,5915,,
Offer TTAF,Serial,unregister,Inquire,9324,,
Offer TTAF,,unregister,Inquire,11795,,
Model TSN CSN TTOH L Rolls Royce Tay 611,TSN,unregister,Inquire,14255,,
Offer TTAF,Serial,unregister,Inquire,3950,,
Model Serial,Serial,unregister,Inquire,9554,,
Offer TTAF,Serial,unregister,Inquire,11055,,
Offer TTAF,Serial,unregister,Inquire,8433,,
Offer TTAF,Serial,unregister,Inquire,12068,,
Offer TTAF,Serial,unregister,Inquire,6499,,
Model Serial,Serial,unregister,Inquire,218,,
Model Serial,Serial,unregister,Inquire,2158,,
Model TSN CSN L Rolls Royce TAY 611,TSN,unregister,Inquire,8652,,
Model TSN CSN L Rolls Royce TAY MK611,TSN,unregister,Inquire,12513,,
Offer TTAF,Serial,unregister,Inquire,9810,,
Offer TTAF,Serial,unregister,Inquire,7926,,
Model TSN CSN L Rolls Royce TAY611,TSN,unregister,,13098,,
Model TSN CSN L Rolls Royce TAY611,TSN,unregister,Inquire,8290,,
Model Serial,Serial,unregister,,6041,,
Model Serial,Serial,unregister,Inquire,10948,,
Model Serial,Serial,unregister,Inquire,2446,,
Offer TTAF,Serial,unregister,Inquire,13553,,
Model TSN CSN L Rolls Royce TAY611,TSN,unregister,Inquire,13487,,
Offer TTAF,Serial,unregister,Inquire,8729,,
Offer TTAF,Serial,unregister,Inquire,8829,,2017
Offer TTAF,aircraft,unregister,Inquire,8901,,
Model Serial,Serial,unregister,Inquire,358,,
Model Serial,Serial,unregister,,15275,,
Model Serial,Serial,unregister,Inquire,14445,,
Model TSN CSN TSOH L Rolls,TSN,unregister,Inquire,10304,,
Model Serial,Serial,unregister,,4535,,
r,,unregister,,7288,,
Offer TTAF,Serial,unregister,Inquire,9809,,
Model TSN L Rolls Royce Tay MK611,TSN,unregister,Inquire,7796,,
Model TSN CSN L Rolls Royce TAY 611,TSN,unregister,,14734,,
Model TSN L Rolls,TSN,unregister,,18878,,
Offer Location,,unregister,Inquire,,,
Model Serial,Serial,unregister,,12178,,
Offer TTAF,Serial,unregister,Inquire,1629,,
Model Serial,Serial,unregister,Inquire,13652,,
Offer,Serial,unregister,Inquire,11055,,
Model Serial,Serial,unregister,Inquire,11695,,
,,unregister,Inquire,6473,,
Offer TTAF,Serial,unregister,Inquire,2239,,
Model Serial,Serial,unregister,Inquire,2108,,
Model TSN CSN L Rolls Royce TAY611,TSN,unregister,Inquire,14353,,
Model TSN TSOH L Rolls Royce TAY MK611,TSN,unregister,Inquire,11431,,
Model Serial,Serial,unregister,,12299,,
Model Serial,Serial,unregister,Inquire,4462,,
Model Serial,Serial,unregister,,10988,,
Model Serial,Serial,unregister,,9100,,
Model Serial,Serial,unregister,,6499,,
Model Serial,Serial,unregister,,6953,,
Model Serial,Serial,unregister,,13701,,
Model Serial,Serial,unregister,Inquire,2133,,
,Serial,unregister,Inquire,9876,,
Model Serial,Serial,unregister,,12299,,
Model Serial,Serial,unregister,Inquire,11620,,
Model Serial,Serial,unregister,Inquire,9570,,
Model Serial,Serial,unregister,Inquire,15139,,
Model Serial,Serial,unregister,,8833,,
Model Serial,Serial,unregister,Inquire,10038,,
Model Serial,Serial,unregister,,14366,,
Model Serial,Serial,unregister,Inquire,10714,,
Model Serial,Serial,unregister,Inquire,6132,,
Model Serial,Serial,unregister,Inquire,11894,,
Model Serial,Serial,unregister,Inquire,9260,,
Model TSN SMOH L Rolls Royce TAY 611,TSN,unregister,,10073,,
Model Serial,Serial,unregister,Inquire,2085,,
Model TSN CSN L Rolls,TSN,unregister,Inquire,8736,,
Model Serial,Serial,unregister,Inquire,9996,,
Model Serial,Serial,unregister,Inquire,12062,,
Model Serial,Serial,unregister,Inquire,5241,,
Model Serial,Serial,unregister,Inquire,8042,,
Model Serial,Serial,unregister,Inquire,10038,,
Offer TTAF,Serial,unregister,Inquire,9048,,
Offer TTAF,Serial,unregister,Inquire,4959,,
Model Serial,Serial,unregister,Inquire,19020,,
Offer TTAF,Serial,unregister,Inquire,12655,,
Model TSN CSN L Rolls Royce TAY MK611,TSN,unregister,,7895,,
Model Serial,Serial,unregister,Inquire,9996,,
Model Serial,Serial,unregister,Inquire,3063,,
Offer TTAF,Serial,unregister,Inquire,8999,,
Model TSN CSN L Rolls Royce Derby TAY611,TSN,unregister,,2702,,
Model Serial,Serial,unregister,Inquire,17975,,
Offer TTAF,Serial,unregister,Inquire,11534,,
Model TSN CSN L Rolls Royce TAY611,TSN,unregister,Inquire,7667,,
Model Serial,Serial,unregister,Inquire,2305,,
Model Serial,Serial,unregister,Inquire,9339,,
Model TSN CSN L Rolls Royce TAY 611,TSN,unregister,,3826,,
Model Serial,Serial,unregister,,3067,,
Offer TTAF,Serial,unregister,Inquire,3140,,
Model Serial,Serial,unregister,,3067,,
Offer TTAF,Serial,unregister,,8958,,
Model Serial,Serial,unregister,,6773,,
this site available to you,Serial,unregister,,7178,,
Offer TTAF,Serial,unregister,Inquire,4535,,
Model TSN SMOH L Rolls Royce TAY 611,TSN,unregister,,13910,,
Model TSN SMOH L Rolls Royce TAY 611,TSN,unregister,,12703,,
Model Serial,Serial,unregister,Inquire,12322,,
Model Serial,Serial,unregister,Inquire,16687,,
Offer TTAF,Serial,unregister,Inquire,13130,,
rs One High,Serial,unregister,,13910,,
Offer TTAF,Serial,unregister,Inquire,7079,,
Model Serial,Serial,unregister,Inquire,12655,,
Model Serial,Serial,unregister,,3212,,
Model Serial,Serial,unregister,Inquire,11894,,
Offer TTAF,Serial,unregister,Inquire,3861,,
Offer Location,,unregister,Inquire,,,
Offer TTAF,Serial,unregister,Inquire,9260,,
Model Serial,Serial,unregister,Inquire,457,,
Model Serial,Serial,unregister,Inquire,6289,,
Offer TTAF,Serial,unregister,Inquire,5808,,
offer Europe,Receive,unregister,3795000,9151,,
1998 Entry into Service,Receive,unregister,,8065,,
offer North America,Receive,unregister,,1551,,
r One,Receive,unregister,,1819,,
Rolls Royce Derby PLC Model,TAY611-8C,unregister,,1194,,
r FORWARD CABIN CONFIGURATION Four,Rolls,unregister,,4380,,
offer Europe,Receive,unregister,,4525,,
r,Receive,unregister,,3583,,
rs Forward and Aft Vacuum Lavatory 2,Receive,unregister,,3315,,
offer North America,Receive,unregister,,8001,,
rs and provides plentiful storage or in,Receive,unregister,,2320,,
rs EXTERIOR NEW SEPT,Receive,unregister,,5945,,
offer Europe,ed,unregister,,9318,,
offer North America,Receive,unregister,,4522,,
offer Europe,Gulfstream,unregister,,2290,,
offer North America,Receive,unregister,,1604,,
,Receive,unregister,,7124,,
offer Europe,Receive,unregister,,3702,,
offer North America,Rolls,unregister,,79302,,
offer Middle East,Receive,unregister,,2158,,
offer North America,Receive,unregister,,6499,,
offer North America,Receive,unregister,,2729,,
offer West Africa,Receive,unregister,,10948,,
2012 Entry into Service,Receive,unregister,,3337,,
offer North America,Receive,unregister,,7893,,
offer North America,Receive,unregister,,10304,,
r,Receive,unregister,,13436,,
offer North America,Receive,unregister,,8736,,
rs EXTERIOR PAINT Matterhorn White Fuselage with Gold Pearl,Avionics,unregister,,2910,,
offer North America,Receive,unregister,,3327,,
Rolls Royce Derby Model,Tay611-8C,unregister,,2410,,
offer North America,Receive,unregister,,6626,,
offer North America,Receive,unregister,,10304,,
offer North America,Receive,unregister,,7920,,
Rolls Royce Model,Tay,unregister,,4232,,
Gulfstream Aerospace Manufacture Year,GIV-X,unregister,,4451,,
offer North America,Receive,unregister,,9788,,
offer North America,Receive,unregister,,15947,,
offer North America,Receive,unregister,,12655,,
offer North America,Receive,unregister,,4881,,
rs Microwave Oven EXTERIOR Overall Matterhorn White with Elite Blue and Titanium Stripes Additional Equipment,Rolls-Royce,unregister,,2972,,
Rolls Royce Model,Tay,unregister,,4881,,
rs EXTERIOR Matterhorn White Fuselage with Royal Blue,Receive,unregister,,6626,,
offer North America,Receive,unregister,,2972,,
offer North America,Receive,unregister,,2972,,
offer North America,Receive,unregister,,17975,,
offer Caribbean,TAY611-8,unregister,,6362,,
offer North America,Receive,unregister,,10179,,
r,Receive,unregister,,4535,,
offer North America,Receive,unregister,,6132,,
s Aircraft Finance Aviation Insurance Airlines Aviation Auctions Aviation Education Aviation Museums Aviation Organizations Aviation Services Aviation Trade Shows,IV,unregister,,11361,,
s Aircraft Finance Aviation Insurance Airlines Aviation Auctions Aviation Education Aviation Museums Aviation Organizations Aviation Services Aviation Trade Shows,IV,unregister,,10843,,
s Aircraft Finance Aviation Insurance Airlines Aviation Auctions Aviation Education Aviation Museums Aviation Organizations Aviation Services Aviation Trade Shows,G450,unregister,,864,,
s Aircraft Finance Aviation Insurance Airlines Aviation Auctions Aviation Education Aviation Museums Aviation Organizations Aviation Services Aviation Trade Shows,G450,unregister,,5113,,
s Aircraft Finance Aviation Insurance Airlines Aviation Auctions Aviation Education Aviation Museums Aviation Organizations Aviation Services Aviation Trade Shows,G450,unregister,,1854,,
s Aircraft Finance Aviation Insurance Airlines Aviation Auctions Aviation Education Aviation Museums Aviation Organizations Aviation Services Aviation Trade Shows,IV,unregister,,14515,,
s Aircraft Finance Aviation Insurance Airlines Aviation Auctions Aviation Education Aviation Museums Aviation Organizations Aviation Services Aviation Trade Shows,G450,unregister,,2541,,
s Aircraft Finance Aviation Insurance Airlines Aviation Auctions Aviation Education Aviation Museums Aviation Organizations Aviation Services Aviation Trade Shows,G450,unregister,,3866,,
s Aircraft Finance Aviation Insurance Airlines Aviation Auctions Aviation Education Aviation Museums Aviation Organizations Aviation Services Aviation Trade Shows,IV,unregister,,9012,,
GULFSTREAM Model IV For Sale Call Location Fort Lauderdale,IV,unregister,,5657,,
s Aircraft Finance Aviation Insurance Airlines Aviation Auctions Aviation Education Aviation Museums Aviation Organizations Aviation Services Aviation Trade Shows,IV,unregister,,12961,,
s Aircraft Finance Aviation Insurance Airlines Aviation Auctions Aviation Education Aviation Museums Aviation Organizations Aviation Services Aviation Trade Shows,G550,unregister,,2047,,
s Aircraft Finance Aviation Insurance Airlines Aviation Auctions Aviation Education Aviation Museums Aviation Organizations Aviation Services Aviation Trade Shows,800XP,unregister,,7869,,
s Aircraft Finance Aviation Insurance Airlines Aviation Auctions Aviation Education Aviation Museums Aviation Organizations Aviation Services Aviation Trade Shows,II,unregister,,13793,,
s Aircraft Finance Aviation Insurance Airlines Aviation Auctions Aviation Education Aviation Museums Aviation Organizations Aviation Services Aviation Trade Shows,IVSP,unregister,,7542,,
s Aircraft Finance Aviation Insurance Airlines Aviation Auctions Aviation Education Aviation Museums Aviation Organizations Aviation Services Aviation Trade Shows,Tay,unregister,,,,
s Aircraft Finance Aviation Insurance Airlines Aviation Auctions Aviation Education Aviation Museums Aviation Organizations Aviation Services Aviation Trade Shows,IVSP,unregister,,7542,,
s Aircraft Finance Aviation Insurance Airlines Aviation Auctions Aviation Education Aviation Museums Aviation Organizations Aviation Services Aviation Trade Shows,IVSP,unregister,,6150,,
s Aircraft Finance Aviation Insurance Airlines Aviation Auctions Aviation Education Aviation Museums Aviation Organizations Aviation Services Aviation Trade Shows,G450,unregister,,1070,,
s Aircraft Finance Aviation Insurance Airlines Aviation Auctions Aviation Education Aviation Museums Aviation Organizations Aviation Services Aviation Trade Shows,IVSP,unregister,,7414,,
s Aircraft Finance Aviation Insurance Airlines Aviation Auctions Aviation Education Aviation Museums Aviation Organizations Aviation Services Aviation Trade Shows,I,unregister,,12404,,
s Aircraft Finance Aviation Insurance Airlines Aviation Auctions Aviation Education Aviation Museums Aviation Organizations Aviation Services Aviation Trade Shows,IV,unregister,,,,
s Aircraft Finance Aviation Insurance Airlines Aviation Auctions Aviation Education Aviation Museums Aviation Organizations Aviation Services Aviation Trade Shows,IVSP,unregister,,2349,,
rs 30,G450,unregister,,28,,
s Aircraft Finance Aviation Insurance Airlines Aviation Auctions Aviation Education Aviation Museums Aviation Organizations Aviation Services Aviation Trade Shows,Honeywell,unregister,,6955,,
s Aircraft Finance Aviation Insurance Airlines Aviation Auctions Aviation Education Aviation Museums Aviation Organizations Aviation Services Aviation Trade Shows,IV,unregister,,9486,,
s Aircraft Finance Aviation Insurance Airlines Aviation Auctions Aviation Education Aviation Museums Aviation Organizations Aviation Services Aviation Trade Shows,IV,unregister,,7250,,
s Aircraft Finance Aviation Insurance Airlines Aviation Auctions Aviation Education Aviation Museums Aviation Organizations Aviation Services Aviation Trade Shows,G450,unregister,,1917,,
s Aircraft Finance Aviation Insurance Airlines Aviation Auctions Aviation Education Aviation Museums Aviation Organizations Aviation Services Aviation Trade Shows,G450,unregister,,1070,,
s Aircraft Finance Aviation Insurance Airlines Aviation Auctions Aviation Education Aviation Museums Aviation Organizations Aviation Services Aviation Trade Shows,G450,unregister,,2142,,
s Aircraft Finance Aviation Insurance Airlines Aviation Auctions Aviation Education Aviation Museums Aviation Organizations Aviation Services Aviation Trade Shows,G450,unregister,,2601,,
s Aircraft Finance Aviation Insurance Airlines Aviation Auctions Aviation Education Aviation Museums Aviation Organizations Aviation Services Aviation Trade Shows,IVSP,unregister,,7423,,
s Aircraft Finance Aviation Insurance Airlines Aviation Auctions Aviation Education Aviation Museums Aviation Organizations Aviation Services Aviation Trade Shows,G450,unregister,,1120,,
s Aircraft Finance Aviation Insurance Airlines Aviation Auctions Aviation Education Aviation Museums Aviation Organizations Aviation Services Aviation Trade Shows,G450,unregister,,1429,,
An Offer Contact Information Jetcraft Corporation Morrisville,IVSP,,,12964,,
s Aircraft Finance Aviation Insurance Airlines Aviation Auctions Aviation Education Aviation Museums Aviation Organizations Aviation Services Aviation Trade Shows,G550,unregister,,1097,,
An Offer Contact Information Action Aviation Cranfield,G450,,,268,,
s Aircraft Finance Aviation Insurance Airlines Aviation Auctions Aviation Education Aviation Museums Aviation Organizations Aviation Services Aviation Trade Shows,IV,unregister,,12126,,
s Aircraft Finance Aviation Insurance Airlines Aviation Auctions Aviation Education Aviation Museums Aviation Organizations Aviation Services Aviation Trade Shows,G450,unregister,,1454,,
s Aircraft Finance Aviation Insurance Airlines Aviation Auctions Aviation Education Aviation Museums Aviation Organizations Aviation Services Aviation Trade Shows,Garrett,unregister,,6444,,
An Offer Contact Information Deer Horn Aviation Midland,Garrett,istration,,6444,,
An Offer Contact Information Jetcraft Corporation Raleigh,G450,,,632,,
s Aircraft Finance Aviation Insurance Airlines Aviation Auctions Aviation Education Aviation Museums Aviation Organizations Aviation Services Aviation Trade Shows,G450,unregister,,864,,
s Aircraft Finance Aviation Insurance Airlines Aviation Auctions Aviation Education Aviation Museums Aviation Organizations Aviation Services Aviation Trade Shows,IV,unregister,,12038,,
s Aircraft Finance Aviation Insurance Airlines Aviation Auctions Aviation Education Aviation Museums Aviation Organizations Aviation Services Aviation Trade Shows,IVSP,unregister,,5941,,
s Aircraft Finance Aviation Insurance Airlines Aviation Auctions Aviation Education Aviation Museums Aviation Organizations Aviation Services Aviation Trade Shows,G550,unregister,,3444,,
r,GULFSTREAM,istration,Call for Price,10891,,2015
Offer,GULFSTREAM,istration,Call for Price,9466,,
r Microwave Airshow 400 Entertainment System with CD,GULFSTREAM,istration,Call for Price,9546,,2004
Offer Get Financing For simple and secure financing,GULFSTREAM,istration,,8053,,
or supplier of any equipment,GULFSTREAM,istration,Call for Price,14202,,
Offer,GULFSTREAM,istration,Call for Price,11795,,
r,GULFSTREAM,istration,Call for Price,3950,,
Offer,GULFSTREAM,istration,Call for Price,8432,,2004
Offer,GULFSTREAM,istration,Call for Price,9810,,
or supplier of any equipment,GULFSTREAM,istration,Call for Price,13572,,2011
Offer,GULFSTREAM,istration,Call for Price,8121,,2022
Offer,GULFSTREAM,istration,Call for Price,8829,,2017
Offer,GULFSTREAM,istration,Call for Price,8901,,
OFFER,GULFSTREAM,istration,Call for Price,9996,,2017
OFFER,GULFSTREAM,istration,Call for Price,11534,,
or supplier of any equipment,CESSNA,istration,42500,4910,,1972
r LAVATORY Aft Configuration Pocket Privacy Door Sink,GULFSTREAM,istration,,4994,,2009
s Aircraft Finance Aviation Insurance Airlines Aviation Auctions Aviation Education Aviation Museums Aviation Organizations Aviation Services Aviation Trade Shows,IVSP,unregister,,5313,,
s Aircraft Finance Aviation Insurance Airlines Aviation Auctions Aviation Education Aviation Museums Aviation Organizations Aviation Services Aviation Trade Shows,G450,unregister,,3862,,
r Year Painted 2008 Exterior,G450,istration,,3291,,
s Aircraft Finance Aviation Insurance Airlines Aviation Auctions Aviation Education Aviation Museums Aviation Organizations Aviation Services Aviation Trade Shows,G450,unregister,,,,
s Aircraft Finance Aviation Insurance Airlines Aviation Auctions Aviation Education Aviation Museums Aviation Organizations Aviation Services Aviation Trade Shows,G450,unregister,,1923,,
s Aircraft Finance Aviation Insurance Airlines Aviation Auctions Aviation Education Aviation Museums Aviation Organizations Aviation Services Aviation Trade Shows,Garrett,unregister,,6444,,
s Aircraft Finance Aviation Insurance Airlines Aviation Auctions Aviation Education Aviation Museums Aviation Organizations Aviation Services Aviation Trade Shows,IV,unregister,,12490,,
GULFSTREAM Model III Condition Used Total Time 10,III,,,10458,,
s Aircraft Finance Aviation Insurance Airlines Aviation Auctions Aviation Education Aviation Museums Aviation Organizations Aviation Services Aviation Trade Shows,IVSP,unregister,,8493,,
s Aircraft Finance Aviation Insurance Airlines Aviation Auctions Aviation Education Aviation Museums Aviation Organizations Aviation Services Aviation Trade Shows,G450,unregister,,4139,,
s Aircraft Finance Aviation Insurance Airlines Aviation Auctions Aviation Education Aviation Museums Aviation Organizations Aviation Services Aviation Trade Shows,IV,unregister,,12126,,
s Aircraft Finance Aviation Insurance Airlines Aviation Auctions Aviation Education Aviation Museums Aviation Organizations Aviation Services Aviation Trade Shows,G450,unregister,,3983,,
s Aviation Insurance Airlines Aviation Auctions Aviation Education Aviation Museums Aviation Organizations Aviation Services Aviation Trade Shows,IV,unregister,,7382,,
s Aviation Insurance Airlines Aviation Auctions Aviation Education Aviation Museums Aviation Organizations Aviation Services Aviation Trade Shows,IVSP,unregister,,8790,,
s Aviation Insurance Airlines Aviation Auctions Aviation Education Aviation Museums Aviation Organizations Aviation Services Aviation Trade Shows,PHENOM,unregister,,,,
s Aviation Insurance Airlines Aviation Auctions Aviation Education Aviation Museums Aviation Organizations Aviation Services Aviation Trade Shows,IVSP,unregister,,9757,,
s Aviation Insurance Airlines Aviation Auctions Aviation Education Aviation Museums Aviation Organizations Aviation Services Aviation Trade Shows,IVSP,unregister,,720,,
s Aviation Insurance Airlines Aviation Auctions Aviation Education Aviation Museums Aviation Organizations Aviation Services Aviation Trade Shows,IV,unregister,,16015,,
s Airlines Aviation Auctions Aviation Education Aviation Museums Aviation Organizations Aviation Services Aviation Trade Shows,IVSP,unregister,,8739,,
An Offer Contact Information Southern Cross Aviation,IV,istration,,8219,,
s Airlines Aviation Auctions Aviation Education Aviation Museums Aviation Organizations Aviation Services Aviation Trade Shows,IV,unregister,,8980,,
s Airlines Aviation Auctions Aviation Education Aviation Museums Aviation Organizations Aviation Services Aviation Trade Shows,IV,unregister,,5893,,
s Airlines Aviation Auctions Aviation Education Aviation Museums Aviation Organizations Aviation Services Aviation Trade Shows,IVSP,unregister,,10039,,
s Airlines Aviation Auctions Aviation Education Aviation Museums Aviation Organizations Aviation Services Aviation Trade Shows,G450,unregister,,3942,,
s Airlines Aviation Auctions Aviation Education Aviation Museums Aviation Organizations Aviation Services Aviation Trade Shows,G450,unregister,,3965,,
s Airlines Aviation Auctions Aviation Education Aviation Museums Aviation Organizations Aviation Services Aviation Trade Shows,IVSP,unregister,,8972,,
s Airlines Aviation Auctions Aviation Education Aviation Museums Aviation Organizations Aviation Services Aviation Trade Shows,IVSP,unregister,,6661,,
s Airlines Aviation Auctions Aviation Education Aviation Museums Aviation Organizations Aviation Services Aviation Trade Shows,IV,unregister,,8014,,
,,istration,,10210,,
s Airlines Aviation Auctions Aviation Education Aviation Museums Aviation Organizations Aviation Services Aviation Trade Shows,IV,unregister,,9206,,
s Airlines Aviation Auctions Aviation Education Aviation Museums Aviation Organizations Aviation Services Aviation Trade Shows,IV,unregister,,3730,,
s Airlines Aviation Auctions Aviation Education Aviation Museums Aviation Organizations Aviation Services Aviation Trade Shows,IVSP,unregister,,,,
s Airlines Aviation Auctions Aviation Education Aviation Museums Aviation Organizations Aviation Services Aviation Trade Shows,IVSP,unregister,,11035,,
An Offer Contact Information Best Aircraft Deals LLC Salt Lake City,III,istration,,10396,,
s Airlines Aviation Auctions Aviation Education Aviation Museums Aviation Organizations Aviation Services Aviation Trade Shows,G650ER,unregister,,483,,
,,istration,,11816,,
s Airlines Aviation Auctions Aviation Education Aviation Museums Aviation Organizations Aviation Services Aviation Trade Shows,III,unregister,,10891,,
s Airlines Aviation Auctions Aviation Education Aviation Museums Aviation Organizations Aviation Services Aviation Trade Shows,IVSP,unregister,,13276,,
,,arding,,12524,,
s Airlines Aviation Auctions Aviation Education Aviation Museums Aviation Organizations Aviation Services Aviation Trade Shows,III,unregister,,8907,,
s Airlines Aviation Auctions Aviation Education Aviation Museums Aviation Organizations Aviation Services Aviation Trade Shows,G450,unregister,,3411,,
s Airlines Aviation Auctions Aviation Education Aviation Museums Aviation Organizations Aviation Services Aviation Trade Shows,G450,unregister,,2793,,
s Airlines Aviation Auctions Aviation Education Aviation Museums Aviation Organizations Aviation Services Aviation Trade Shows,IVSP,unregister,,7955,,
,,istration,,7745,,
s Airlines Aviation Auctions Aviation Education Aviation Museums Aviation Organizations Aviation Services Aviation Trade Shows,G450,unregister,,2604,,
s Airlines Aviation Auctions Aviation Education Aviation Museums Aviation Organizations Aviation Services Aviation Trade Shows,s,unregister,5500000,7732,,
s Airlines Aviation Auctions Aviation Education Aviation Museums Aviation Organizations Aviation Services Aviation Trade Shows,IVSP,unregister,,11050,,
,,istration,,10492,,
s Airlines Aviation Auctions Aviation Education Aviation Museums Aviation Organizations Aviation Services Aviation Trade Shows,IV,unregister,,4628,,
s Airlines Aviation Auctions Aviation Education Aviation Museums Aviation Organizations Aviation Services Aviation Trade Shows,G350,unregister,,4690,,
s Airlines Aviation Auctions Aviation Education Aviation Museums Aviation Organizations Aviation Services Aviation Trade Shows,G200,unregister,,1576,,
s Airlines Aviation Auctions Aviation Education Aviation Museums Aviation Organizations Aviation Services Aviation Trade Shows,IV,unregister,,13281,,
s Airlines Aviation Auctions Aviation Education Aviation Museums Aviation Organizations Aviation Services Aviation Trade Shows,G450,unregister,,4283,,
s Airlines Aviation Auctions Aviation Education Aviation Museums Aviation Organizations Aviation Services Aviation Trade Shows,BUILT,unregister,,4786,,
s Airlines Aviation Auctions Aviation Education Aviation Museums Aviation Organizations Aviation Services Aviation Trade Shows,G-IV,unregister,,9546,,
s Airlines Aviation Auctions Aviation Education Aviation Museums Aviation Organizations Aviation Services Aviation Trade Shows,G450,unregister,,2627,,
s Airlines Aviation Auctions Aviation Education Aviation Museums Aviation Organizations Aviation Services Aviation Trade Shows,IVSP,unregister,,6819,,
s Airlines Aviation Auctions Aviation Education Aviation Museums Aviation Organizations Aviation Services Aviation Trade Shows,G450,unregister,,3888,,
s Airlines Aviation Auctions Aviation Education Aviation Museums Aviation Organizations Aviation Services Aviation Trade Shows,G450,unregister,,2586,,
s Airlines Aviation Auctions Aviation Education Aviation Museums Aviation Organizations Aviation Services Aviation Trade Shows,IVSP,unregister,,15226,,
s Airlines Aviation Auctions Aviation Education Aviation Museums Aviation Organizations Aviation Services Aviation Trade Shows,IVSP,unregister,,14202,,
s Airlines Aviation Auctions Aviation Education Aviation Museums Aviation Organizations Aviation Services Aviation Trade Shows,G-IV,unregister,,13535,,
s Airlines Aviation Auctions Aviation Education Aviation Museums Aviation Organizations Aviation Services Aviation Trade Shows,G-IV,unregister,,12861,,
s Airlines Aviation Auctions Aviation Education Aviation Museums Aviation Organizations Aviation Services Aviation Trade Shows,G-IV,unregister,,9535,,
s Airlines Aviation Auctions Aviation Education Aviation Museums Aviation Organizations Aviation Services Aviation Trade Shows,G450,unregister,,1551,,
s Airlines Aviation Auctions Aviation Education Aviation Museums Aviation Organizations Aviation Services Aviation Trade Shows,G450,unregister,,4966,,
s Airlines Aviation Auctions Aviation Education Aviation Museums Aviation Organizations Aviation Services Aviation Trade Shows,GIVSP,unregister,,9549,,
s Airlines Aviation Auctions Aviation Education Aviation Museums Aviation Organizations Aviation Services Aviation Trade Shows,GIV,unregister,,12335,,
s Airlines Aviation Auctions Aviation Education Aviation Museums Aviation Organizations Aviation Services Aviation Trade Shows,GIVSP,unregister,,8606,,
s Airlines Aviation Auctions Aviation Education Aviation Museums Aviation Organizations Aviation Services Aviation Trade Shows,GIVSP,unregister,,8606,,
s Airlines Aviation Auctions Aviation Education Aviation Museums Aviation Organizations Aviation Services Aviation Trade Shows,GIVSP,unregister,,8050,,
s Airlines Aviation Auctions Aviation Education Aviation Museums Aviation Organizations Aviation Services Aviation Trade Shows,GIVSP,unregister,,10719,,
s Airlines Aviation Auctions Aviation Education Aviation Museums Aviation Organizations Aviation Services Aviation Trade Shows,GIVSP,unregister,,9365,,
s Airlines Aviation Auctions Aviation Education Aviation Museums Aviation Organizations Aviation Services Aviation Trade Shows,GIVSP,unregister,,13936,,
s Airlines Aviation Auctions Aviation Education Aviation Museums Aviation Organizations Aviation Services Aviation Trade Shows,GIVSP,unregister,,5848,,
s Airlines Aviation Auctions Aviation Education Aviation Museums Aviation Organizations Aviation Services Aviation Trade Shows,GIVSP,unregister,,5174,,
s Airlines Aviation Auctions Aviation Education Aviation Museums Aviation Organizations Aviation Services Aviation Trade Shows,GIV,unregister,,9599,,
s Airlines Aviation Auctions Aviation Education Aviation Museums Aviation Organizations Aviation Services Aviation Trade Shows,GIVSP,unregister,,9639,,
s Airlines Aviation Auctions Aviation Education Aviation Museums Aviation Organizations Aviation Services Aviation Trade Shows,GIVSP,unregister,,15381,,
s Airlines Aviation Auctions Aviation Education Aviation Museums Aviation Organizations Aviation Services Aviation Trade Shows,GIVSP,unregister,,13960,,
s Airlines Aviation Auctions Aviation Education Aviation Museums Aviation Organizations Aviation Services Aviation Trade Shows,GIVSP,unregister,,14202,,
s Airlines Aviation Auctions Aviation Education Aviation Museums Aviation Organizations Aviation Services Aviation Trade Shows,GIV,unregister,,9546,,
s Airlines Aviation Auctions Aviation Education Aviation Museums Aviation Organizations Aviation Services Aviation Trade Shows,GIV,unregister,,8053,,
s Airlines Aviation Auctions Aviation Education Aviation Museums Aviation Organizations Aviation Services Aviation Trade Shows,built,unregister,,4780,,
s Airlines Aviation Auctions Aviation Education Aviation Museums Aviation Organizations Aviation Services Aviation Trade Shows,GIV,unregister,,9695,,
s Airlines Aviation Auctions Aviation Education Aviation Museums Aviation Organizations Aviation Services Aviation Trade Shows,GIVSP,unregister,,7810,,
s Airlines Aviation Auctions Aviation Education Aviation Museums Aviation Organizations Aviation Services Aviation Trade Shows,GIVSP,unregister,,1561,,
s Airlines Aviation Auctions Aviation Education Aviation Museums Aviation Organizations Aviation Services Aviation Trade Shows,GIVSP,unregister,,9456,,
s Airlines Aviation Auctions Aviation Education Aviation Museums Aviation Organizations Aviation Services Aviation Trade Shows,GIV,unregister,,17237,,
s Airlines Aviation Auctions Aviation Education Aviation Museums Aviation Organizations Aviation Services Aviation Trade Shows,GIVSP,unregister,,10737,,
s Airlines Aviation Auctions Aviation Education Aviation Museums Aviation Organizations Aviation Services Aviation Trade Shows,GIV,unregister,,9495,,
s Airlines Aviation Auctions Aviation Education Aviation Museums Aviation Organizations Aviation Services Aviation Trade Shows,GIV,unregister,,10728,,
s Airlines Aviation Auctions Aviation Education Aviation Museums Aviation Organizations Aviation Services Aviation Trade Shows,GIV,unregister,,5094,,
s Airlines Aviation Auctions Aviation Education Aviation Museums Aviation Organizations Aviation Services Aviation Trade Shows,GIVSP,unregister,,8420,,
s Airlines Aviation Auctions Aviation Education Aviation Museums Aviation Organizations Aviation Services Aviation Trade Shows,GIV,unregister,,11766,,
s Airlines Aviation Auctions Aviation Education Aviation Museums Aviation Organizations Aviation Services Aviation Trade Shows,GIV,unregister,,8274,,
s Airlines Aviation Auctions Aviation Education Aviation Museums Aviation Organizations Aviation Services Aviation Trade Shows,GIVSP,unregister,,13000,,
s Airlines Aviation Auctions Aviation Education Aviation Museums Aviation Organizations Aviation Services Aviation Trade Shows,GIVSP,unregister,,8065,,
s Airlines Aviation Auctions Aviation Education Aviation Museums Aviation Organizations Aviation Services Aviation Trade Shows,GIV,unregister,,12840,,
s Airlines Aviation Auctions Aviation Education Aviation Museums Aviation Organizations Aviation Services Aviation Trade Shows,GIVSP,unregister,,9420,,
An Offer Financial Calculator Unsave Save Compare Compare Selected Listings Seller Information SP Aviation Oakland,GIV,istration,,10069,,
An Offer Financial Calculator Unsave Save Compare Compare Selected Listings Seller Information AeroAdvisors Inc Agua Dulce,GIV,istration,,7564,,
An Offer Financial Calculator Unsave Save Compare Compare Selected Listings Seller Information Assent Aeronautics,GIVSP,istration,,13936,,
An Offer Financial Calculator Unsave Save Compare Compare Selected Listings Seller Information Jet Edge Partners Annapolis,GIVSP,istration,,10799,,
An Offer Financial Calculator Unsave Save Compare Compare Selected Listings Seller Information Sparfell,GIV,istration,,13461,,
An Offer Financial Calculator Unsave Save Compare Compare Selected Listings Seller Information JETEFFECT Long Beach,GIVSP,istration,,5868,,
An Offer Financial Calculator Unsave Save Compare Compare Selected Listings Seller Information Luxury Auto Collection Scottsdale,GIVSP,,,10304,,
An Offer Financial Calculator Unsave Save Compare Compare Selected Listings Seller Information ACASS CANADA LTD Saint,G450,,,4380,,
An Offer Financial Calculator Unsave Save Compare Compare Selected Listings Seller Information Guardian Jet Guilford,GIVSP,istration,,8162,,
An Offer Financial Calculator Unsave Save Compare Compare Selected Listings Seller Information LEADING EDGE AVIATION SOLUTIONS,GIVSP,istration,,8090,,
An Offer Financial Calculator Unsave Save Compare Compare Selected Listings Seller Information Welsch Aviation,GIVSP,istration,,7876,,
An Offer Financial Calculator Unsave Save Compare Compare Selected Listings Seller Information Global Jet Sales Saint Petersburg,GIVSP,istration,,6668,,
An Offer Financial Calculator Unsave Save Compare Compare Selected Listings Seller Information JACK PREWITT,GIV,istration,,9865,,
An Offer Financial Calculator Unsave Save Compare Compare Selected Listings Seller Information Pegasus Elite Aviation Van Nuys,GIVSP,istration,,8300,,
An Offer Financial Calculator Unsave Save Compare Compare Selected Listings Seller Information Southern Cross Aircraft LLC Cornelius,GIVSP,istration,,6769,,
An Offer Financial Calculator Unsave Save Compare Compare Selected Listings Seller Information JetLease West Palm Beach,GIV,,,17202,,
An Offer Financial Calculator Unsave Save Compare Compare Selected Listings Lease Prices,GIV,,,13500,,
An Offer Financial Calculator Unsave Save Compare Compare Selected Listings Seller Information Journey Aviation,GIV,istration,,8384,,
An Offer Financial Calculator Unsave Save Compare Compare Selected Listings 1,GIV,istration,,9398,,
An Offer Financial Calculator Unsave Save Compare Compare Selected Listings Seller Information Action Aviation Stansted,GIVSP,,,8001,,
An Offer Financial Calculator Unsave Save Compare Compare Selected Listings Seller Information Classic Wings,GIVSP,istration,,9420,,
An Offer Get Financing as low as USD,G450,istration,,3685,,
An Offer Financial Calculator Unsave Save Compare Compare Selected Listings Seller Information GALEON AVIATION Palm Beach,GIVSP,unregister,,13824,,
An Offer Financial Calculator Unsave Save Compare Compare Selected Listings Seller Information Hatt,GIVSP,unregister,3795000,9151,,
An Offer Financial Calculator Unsave Save Compare Compare Selected Listings Seller Information AVPRO INC Annapolis,GIVSP,unregister,,6270,,
An Offer Financial Calculator Unsave Save Compare Compare Selected Listings Seller Information JetLease West Palm Beach,GIVSP,unregister,,6147,,
An Offer Financial Calculator Unsave Save Compare Compare Selected Listings Seller Information Ardent Jet Partners Annapolis,G450,unregister,,2670,,
An Offer Financial Calculator Unsave Save Compare Compare Selected Listings Seller Information AVJET GLOBAL SALES Scottsdale,GIVSP,unregister,,10226,,
An Offer Financial Calculator Unsave Save Compare Compare Selected Listings Seller Information CORT,GIVSP,unregister,,12336,,
An Offer Financial Calculator Unsave Save Compare Compare Selected Listings Seller Information AVPRO INC Annapolis,GIVSP,unregister,,7418,,
An Offer Get Financing as low as USD,GIVSP,unregister,,6496,,
An Offer Financial Calculator Unsave Save Compare Compare Selected Listings Seller Information Aviation Sales International Johannesburg,G450,unregister,,4529,,
An Offer Get Financing as low as USD,GIVSP,unregister,,9496,,
An Offer Financial Calculator Unsave Save Compare Compare Selected Listings Lease Prices,GIV,unregister,,9925,,
An Offer Purchase today for USD,GIV,unregister,,8315,,
An Offer Purchase today for USD,GIVSP,unregister,,8588,,
An Offer Purchase today for USD,GIVSP,unregister,,9318,,
An Offer Purchase today for USD,GIV,unregister,,15657,,
An Offer Financial Calculator Unsave Save Compare Seller Information AVPRO INC Annapolis,GIVSP,unregister,,8223,,
An Offer Financial Calculator Unsave Save Compare Seller Information The Private Jet Company Palm Beach Gardens,GIVSP,unregister,,15316,,
An Offer Financial Calculator Unsave Save Compare Seller Information Verity Jet Wichita,GIVSP,unregister,,13427,,
An Offer Purchase today for USD,GIVSP,unregister,,12436,,
An Offer Financial Calculator Unsave Save Compare Seller Information DALLAS JET INTERNATIONAL,G450,unregister,,855,,
An Offer Financial Calculator Unsave Save Compare Seller Information SP Aviation Oakland,GIV,unregister,,10206,,
An Offer Purchase today for USD,GIVSP,unregister,,11690,,
An Offer Financial Calculator Unsave Save Compare Seller Information JETEFFECT Long Beach,GIV,unregister,,14670,,
An Offer Purchase today for USD,GIVSP,unregister,,17429,,
An Offer Financial Calculator Unsave Save Compare Seller Information Opus Aeronautics S,G450,unregister,,2205,,
An Offer Financial Calculator Unsave Save Compare Seller Information Jet Mach Mexico SA de CV Apodaca,G450,unregister,,1445,,
An Offer Financial Calculator Unsave Save Compare Seller Information AVPRO INC Annapolis,GIV,unregister,,7002,,
An Offer Purchase today for USD,GIVSP,unregister,,15207,,
An Offer Financial Calculator Unsave Save Compare Seller Information JETEFFECT Long Beach,GIVSP,unregister,,10028,,
An Offer Financial Calculator Unsave Save Compare Seller Information Global Aircraft Opa,GIVSP,unregister,,10192,,
An Offer Purchase today for USD,GIV,unregister,,15045,,
An Offer Financial Calculator Unsave Save Compare Seller Information AVPRO INC Annapolis,GIVSP,unregister,,9324,,
An Offer Financial Calculator Unsave Save Compare Seller Information Hagerty Jet Group Savannah,GIVSP,unregister,,5915,,
An Offer Financial Calculator Unsave Save Compare Seller Information International Aircraft Marketing,Sell,unregister,,11795,,
An Offer Financial Calculator Unsave Save Compare Seller Information Jet Evolution,Sell,unregister,,9971,,
An Offer Financial Calculator Unsave Save Compare Seller Information FREESTREAM AIRCRAFT London,Sell,unregister,,691,,
An Offer Financial Calculator Unsave Save Compare Seller Information Alliance Aviation Stuart,Sell,unregister,,5915,,
An Offer Purchase today for USD,Sell,unregister,,9970,,
An Offer Inquire About Financing Unsave Save Compare Seller Information PJP Delray Beach,Sell,unregister,,15208,,
An Offer Inquire About Financing Unsave Save Compare Seller Information Jet Edge Partners Annapolis,Sell,unregister,,9552,,
An Offer Inquire About Financing Unsave Save Compare Seller Information Eagle Aviation,Sell,unregister,,3950,,
An Offer Inquire About Financing Unsave Save Compare Seller Information Guardian Jet Guilford,Sell,unregister,,12067,,
An Offer Purchase today for USD,Sell,unregister,,10859,,
An Offer Inquire About Financing Unsave Save Compare Seller Information International Aircraft Marketing,Sell,unregister,,8432,,
An Offer Payments as low as USD,Sell,unregister,,9700,,
An Offer Inquire About Financing Unsave Save Compare Seller Information R Consulting and Sales Yuma,Sell,unregister,,7800,,
An Offer Inquire About Financing Unsave Save Compare Seller Information GoodJet Oakland,Sell,unregister,,10410,,
An Offer Inquire About Financing Unsave Save Compare Seller Information Jetcraft Morrisville,Sell,unregister,,2158,,
An Offer Inquire About Financing Unsave Save Compare Seller Information ACASS CANADA LTD Saint,Sell,unregister,,13436,,
An Offer Inquire About Financing Unsave Save Compare Seller Information Guardian Jet Guilford,Sell,unregister,,13553,,
An Offer Inquire About Financing Unsave Save Compare Seller Information SmartJets Fort Lauderdale,Sell,unregister,,8651,,
An Offer Inquire About Financing Unsave Save Compare Seller Information Jet Endeavour Trading,Sell,unregister,,18878,,
An Offer Inquire About Financing Unsave Save Compare Seller Information TrueAir Los Angeles,Sell,unregister,,9900,,
An Offer Inquire About Financing Unsave Save Compare Seller Information Guardian Jet Guilford,Sell,unregister,,7925,,
An Offer Inquire About Financing Unsave Save Compare Seller Information MDH Venture Capital,Sell,unregister,,12512,,
An Offer Inquire About Financing Unsave Save Compare Seller Information jetAVIVA New Century,Sell,unregister,,13098,,
An Offer Inquire About Financing Unsave Save Compare Seller Information Guardian Jet Guilford,Sell,unregister,,13487,,
GULFSTREAM Model GIVSP Serial Number 1289 Registration,Sell,unregister,,8290,,
GULFSTREAM Model GIV Serial Number 1082 Registration,Sell,unregister,,9231,,
GULFSTREAM Model GIVSP Serial Number 1469 Registration,Sell,unregister,,6030,,
GULFSTREAM Model GIV Serial Number 1141 Registration,Sell,unregister,,12620,,
GULFSTREAM Model GIV Serial Number 1113 Registration,Sell,unregister,,10300,,
GULFSTREAM Model GIVSP Serial Number 1251 Registration,Sell,unregister,,10948,,
GULFSTREAM Model GIV Serial Number 1059 Registration,Sell,unregister,,9907,,
GULFSTREAM Model GIII Serial Number 488 Condition Used Description Next Engine Overhaul Due July 2026 Late Model,Sell,unregister,,8121,,
GULFSTREAM Model G450 Serial Number 4155 Registration,Sell,unregister,,7893,,
GULFSTREAM Model GIVSP Serial Number 1248 Registration,Sell,unregister,,8829,,
GULFSTREAM Model GIV Serial Number 1139 Registration,Sell,unregister,,8501,,
GULFSTREAM Model GIVSP Serial Number 1441 Registration,Sell,unregister,,8900,,
GULFSTREAM Model GIVSP Serial Number 1321 Registration,Sell,unregister,,8651,,
GULFSTREAM Model GIVSP Serial Number 1463 Registration,Sell,unregister,,15275,,
GULFSTREAM Model GIV Serial Number 1071 Condition Used Airframe Total Time 14,Sell,unregister,,14445,,
GULFSTREAM Model G450 Serial Number 4256 Registration,Sell,unregister,,4535,,
GULFSTREAM Model GIVSP Serial Number 1296 Condition Used Description Engines Enrolled on Rolls,Sell,unregister,,10237,,
GULFSTREAM Model GIVSP Serial Number 1305 Registration,Sell,unregister,,9147,,
GULFSTREAM Model GIV Serial Number 1117 Registration,Sell,unregister,,9809,,
GULFSTREAM Model GIVSP Condition Used Description Passenger Capacity,Sell,unregister,,6672,,
GULFSTREAM Model GIVSP Condition Used Description Engines,Sell,unregister,,9468,,
GULFSTREAM Model GIVSP Condition Used Description Passenger Capacity,Sell,unregister,,1,,
GULFSTREAM Model GIVSP Serial Number 1252 Registration,Sell,unregister,,8812,,
GULFSTREAM Model GIV Serial Number 1114 Registration,Sell,unregister,,14734,,
GULFSTREAM Model GIV Serial Number 1150 Registration,Sell,unregister,,13992,,
GULFSTREAM Model GIV Serial Number 1130 Registration,Sell,unregister,,18878,,
GULFSTREAM Model GIVSP Condition Used Description ALSO FOR LEASE,Sell,unregister,,9456,,
GULFSTREAM Model GIV Condition Used Description Would venture to call this the nicest GIV on the market today,Sell,unregister,,8900,,
GULFSTREAM Model GIVSP Serial Number 1488 Registration,Sell,unregister,,12856,,
GULFSTREAM Model G450 Serial Number 4084 Registration,Sell,unregister,,12178,,
GULFSTREAM Model GIV Serial Number 1044 Registration,Sell,unregister,,13555,,
GULFSTREAM Model GIV Serial Number 1117 Registration,Sell,unregister,,9809,,
GULFSTREAM Model GIVSP Serial Number 1419 Condition Used Description The crown jewel of the Gulfstream Fleet the Gulfstream IVSP is the second iteration in the popular Gulfstream series,Sell,unregister,,8888,,
GULFSTREAM Model G450 Serial Number 4348 Registration,Sell,unregister,,2081,,
GULFSTREAM Model G450 Serial Number 4360 Registration,Sell,unregister,,1629,,
GULFSTREAM Model GIV Serial Number 1110 Registration,Sell,unregister,,13455,,
GULFSTREAM Model G200 Serial Number 1234 Condition Used Description ENGINES ENROLLED ON ESP GOLD APU ENROLLED ON MSP AVIONICS ENROLLED ON CASP ENROLLED ON GULFSTREAM CMP RVSM CERTIFIED ADS,Sell,unregister,,4953,,
GULFSTREAM Model G650ER Condition Used Description highlights,Sell,unregister,,1058,,
GULFSTREAM Model GIV Serial Number 1025 Registration,Sell,unregister,,10780,,
GULFSTREAM Model GIVSP Serial Number 1206 Registration,Sell,unregister,,11694,,
GULFSTREAM Model GIVSP Serial Number 1481 Registration,Sell,unregister,,6473,,
GULFSTREAM Model GIV Serial Number 1065 Registration,Sell,unregister,,13652,,
GULFSTREAM Model GIVSP Serial Number 1239 Condition Used FlightRules IFR Description EXCLUSIVELY FAMILY OWNED,Sell,unregister,,8216,,
GULFSTREAM Model GIVSP Condition Used Description,Sell,unregister,,4060,,
GULFSTREAM Model G280 Condition New Description The Gulfstream G280,Sell,unregister,,1,,
GULFSTREAM Model GIVSP Serial Number 1477 Registration,Sell,unregister,,10217,,
GULFSTREAM Model G450 Serial Number 4312 Registration,Sell,unregister,,2108,,
GULFSTREAM Model GIVSP Serial Number 1192 Registration,Sell,unregister,,11602,,
GULFSTREAM Model GIV Condition Used Description 1991 Gulfstream GIV available for 50,Sell,unregister,,12351,,
GULFSTREAM Model G280 Condition New Based at tbd Description The Gulfstream G280,Sell,unregister,,1,,
GULFSTREAM Model GIVSP Serial Number 1178 Registration,Sell,unregister,,10268,,
GULFSTREAM Model GIV Serial Number 1113 Registration,Sell,unregister,,10459,,
GULFSTREAM Model GIV Serial Number 1068 Registration,Sell,unregister,,13572,,
GULFSTREAM Model GIV Serial Number 1074 Registration,Sell,unregister,,12299,,
GULFSTREAM Model GIV Serial Number 1116 Registration,Sell,unregister,,13301,,
GULFSTREAM Model GIV Serial Number 1003 Registration,Sell,unregister,,10987,,
GULFSTREAM Model GIVSP Serial Number 1466 Registration,Sell,unregister,,8425,,
GULFSTREAM Model GIVSP Serial Number 1245 Condition Used Description Contact owner at,Sell,unregister,,10153,,
GULFSTREAM Model G450 Registration,Sell,unregister,,4291,,
GULFSTREAM Model GIV Serial Number 1234 Registration,Sell,unregister,,10091,,
GULFSTREAM Model GIV Serial Number 1068 Registration,Sell,unregister,,13675,,
GULFSTREAM Model GIVSP Serial Number 1214 Registration,Sell,unregister,,10122,,
GULFSTREAM Model GIV Serial Number 1062 Registration,Sell,unregister,,7252,,
GULFSTREAM Model GIVSP Serial Number 1468 Registration,Sell,unregister,,9009,,
GULFSTREAM Model GIVSP Serial Number 1471 Registration,GIVSP,unregister,,6953,,
GULFSTREAM Model G450 Serial Number 4127 Registration,G450,unregister,,2910,,
GULFSTREAM Model GIVSP Serial Number 1202 Registration,GIVSP,unregister,,10972,,
GULFSTREAM Model GIV Condition Used Description Low Time Engines,GIV,unregister,,6063,,
GULFSTREAM Model GIVSP Serial Number 1206 Registration,GIVSP,unregister,,11694,,
GULFSTREAM Model GIV Serial Number 1204 Registration,GIV,unregister,,15207,,
GULFSTREAM Model G450 Condition Used Description HIGHLIGHTS Beautiful 14 passenger configuration in great condition,G450,unregister,,2410,,
GULFSTREAM Model G450 Serial Number 4204 Registration,G450,unregister,,4451,,
GULFSTREAM Model GIVSP Condition Used Description 1999 Gulfstream GIV,GIVSP,unregister,,11092,,
GULFSTREAM Model GIV Serial Number 1184 Registration,GIV,unregister,,12771,,
GULFSTREAM Model GIV Serial Number 1157 Registration,GIV,unregister,,11431,,
GULFSTREAM Model GIVSP Serial Number 1388 Registration,GIVSP,unregister,,8108,,
GULFSTREAM Model GIVSP Registration,GIVSP,unregister,,1000,,
GULFSTREAM Model GIV Condition Used Description AIRCRAFT IS CURRENTLY AT BANYAN MAINTENANCE,GIV,unregister,,18218,,
GULFSTREAM Model GIVSP Serial Number 1314 Registration,GIVSP,unregister,,11619,,
GULFSTREAM Model GIVSP Serial Number 1228 Registration,GIVSP,unregister,,13098,,
GULFSTREAM Model GIV Serial Number 1093 Registration,GIV,unregister,,11894,,
GULFSTREAM Model GIV Serial Number 1178 Registration,GIV,unregister,,10340,,
GULFSTREAM Model GIVSP Serial Number 1195 Condition Used Description Avance L5 WiFi TCAS 7,GIVSP,unregister,,9570,,
GULFSTREAM Model GIVSP Serial Number 1406 Registration,GIVSP,unregister,,9259,,
GULFSTREAM Model G450 Serial Number 4202 Registration,G450,unregister,,3156,,
GULFSTREAM Model GIVSP Serial Number 1435 Registration,GIVSP,unregister,,8833,,
GULFSTREAM Model GIVSP Serial Number IV,GIVSP,unregister,,10038,,
GULFSTREAM Model G450 Serial Number 4316 Registration,G450,unregister,,2210,,
GULFSTREAM Model GIVSP Serial Number 1324 Registration,GIVSP,unregister,,15138,,
GULFSTREAM Model GIVSP Serial Number 1374 Condition Used Description DU,GIVSP,unregister,,10714,,
GULFSTREAM Model GIVSP Condition Used Based at MMTO Description NEXT GEN AVIONICS FANS 1A,GIVSP,unregister,,11532,,
GULFSTREAM Model GIVSP Serial Number 1208 Condition Used Description,GIVSP,unregister,,12062,,
GULFSTREAM Model G200 Condition Used Description AVAILABLE FOR SALE,G200,unregister,,2184,,
GULFSTREAM Model GIVSP Serial Number 1221 Registration,GIVSP,unregister,,11315,,
GULFSTREAM Model GIVSP Serial Number 1495 Registration,GIVSP,unregister,,8200,,
GULFSTREAM Model GIV Condition Used Based at SAT Description Reasons to buy this extremely well,GIV,unregister,,10073,,
GULFSTREAM Model GIVSP Serial Number 1376 Registration,GIVSP,unregister,,8483,,
GULFSTREAM Model GIV Serial Number IV1129 Registration,GIV,unregister,,9996,,
GULFSTREAM Model GIVSP Serial Number 1261 Registration,GIVSP,unregister,,6877,,
GULFSTREAM Model G450 Serial Number 4051 Registration,G450,unregister,,6626,,
GULFSTREAM Model GIVSP Serial Number 1402 Registration,GIVSP,unregister,,8042,,
ASTRA,1125,unregister,,10531,,
GULFSTREAM Model GIVSP Serial Number 1356 Registration,GIVSP,unregister,,7662,,
GULFSTREAM Model GIVSP Serial Number 1430 Registration,GIVSP,unregister,,8957,,
GULFSTREAM Model GIV Serial Number 1164 Registration,GIV,unregister,,11778,,
GULFSTREAM Model GIV Serial Number 1145 Registration,GIV,unregister,,9588,,
GULFSTREAM Model GIV Serial Number 1130 Condition Used Airframe Total Time 18,GIV,unregister,,18976,,
GULFSTREAM Model GIVSP Serial Number 1263 Registration,GIVSP,unregister,,7895,,
GULFSTREAM Model GIVSP Serial Number 1434 Registration,GIVSP,unregister,,7942,,
GULFSTREAM Model G450 Serial Number 4127 Registration,G450,unregister,,2972,,
GULFSTREAM Model GIVSP Serial Number 1383 Registration,GIVSP,unregister,,10700,,
GULFSTREAM Model GIV Serial Number 1160 Registration,GIV,unregister,,19929,,
GULFSTREAM Model GIVSP Serial Number 1492 Registration,GIVSP,unregister,,8999,,
GULFSTREAM Model GIV Serial Number 1197 Registration,GIV,unregister,,10789,,
GULFSTREAM Model GIVSP Serial Number 1401 Registration,GIVSP,unregister,,10091,,
GULFSTREAM Model GIVSP Serial Number 1436 Condition Used Description Engines Enrolled on RRCC Enhanced FANS 1,GIVSP,unregister,,17975,,
GULFSTREAM Model GIV Serial Number IV1157 Registration,GIV,unregister,,11534,,
GULFSTREAM Model GIVSP Serial Number 1306 Condition Used Description Beautiful Interior,GIVSP,unregister,,9502,,
GULFSTREAM Model G450 Serial Number 4315 Registration,G450,unregister,,1120,,
GULFSTREAM Model GIVSP Serial Number 1493 Registration,GIVSP,unregister,,8958,,
GULFSTREAM Model GIVSP Serial Number 1406 Condition Used Description Engines Enrolled on Rolls Royce Corporate Care Enhanced Du,GIVSP,unregister,,9339,,
GULFSTREAM Model GIVSP Serial Number 1499 Registration,GIVSP,unregister,,6362,,
GULFSTREAM Model GIV Serial Number 1142 Condition Used Description USA Based,GIV,unregister,,6706,,
GULFSTREAM Model G450 Serial Number 4281 Registration,G450,unregister,,3067,,
GULFSTREAM Model GIVSP Serial Number 1307 Registration,GIVSP,unregister,,11431,,
GULFSTREAM Model GIVSP Serial Number 1264 Registration,GIVSP,unregister,,13910,,
GULFSTREAM Model GIVSP Condition Used Description Cabin configured for 13 passengers with Aft galley ADS,GIVSP,unregister,,8426,,
GULFSTREAM Model GIV Serial Number 1027 Registration,GIV,unregister,,8247,,
GULFSTREAM Model GIVSP Serial Number 1234 Registration,GIVSP,unregister,,7177,,
GULFSTREAM Model GIV Serial Number 1110 Registration,GIV,unregister,,13622,,
GULFSTREAM Model GIVSP Serial Number 1351 Registration,GIVSP,unregister,,13910,,
GULFSTREAM Model GIV Serial Number 1050 Registration,GIV,unregister,,12321,,
GULFSTREAM Model GIVSP Serial Number 1295 Condition Used Description CPDLC,GIVSP,unregister,,16687,,
GULFSTREAM Model GIVSP Serial Number 1293 Registration,GIVSP,unregister,,13,,
GULFSTREAM Model GIVSP Serial Number IV,GIVSP,unregister,,14733,,
GULFSTREAM Model GIVSP Serial Number 1245 Registration,GIVSP,unregister,,10179,,
GULFSTREAM Model GIV Serial Number 1077 Registration,GIV,unregister,,7920,,
GULFSTREAM Model GIVSP Serial Number 1467 Registration,GIVSP,unregister,,7079,,
GULFSTREAM Model G450 Serial Number 4257 Registration,G450,unregister,,3212,,
GULFSTREAM Model GIV Serial Number 1093 Registration,GIV,unregister,,11894,,
GULFSTREAM Model GIVSP Serial Number 1392 Registration,GIVSP,unregister,,15939,,
GULFSTREAM Model GIVSP Serial Number 1466 Registration,GIVSP,unregister,,8426,,
GULFSTREAM Model GIVSP Serial Number 1406 Registration,GIVSP,unregister,,9260,,
GULFSTREAM Model GIVSP Serial Number 1450 Condition Used Description Engines Enrolled on RRCC APU Enrolled on MSP FANS 1,GIVSP,unregister,,6132,,
GULFSTREAM Model GIVSP Serial Number 1165 Registration,GIVSP,unregister,,12426,,
